-- ============================================================
-- EAS EXPERT AGENT - Seed Data (Estrutura em Árvore)
-- ============================================================

-- ============================================================
-- ESPECIALIDADES
-- ============================================================
INSERT INTO specialties (id, name, slug, description, icon) VALUES
  ('10000000-0000-0000-0000-000000000001', 'EAS', 'eas', 'Electronic Article Surveillance - Sistemas antifurto eletrônico', 'shield'),
  ('10000000-0000-0000-0000-000000000002', 'CFTV', 'cftv', 'Circuito Fechado de Televisão - Câmeras e monitoramento', 'camera'),
  ('10000000-0000-0000-0000-000000000003', 'Controle de Acesso', 'controle-acesso', 'Sistemas de controle e restrição de acesso', 'lock');

-- ============================================================
-- TECNOLOGIAS EAS
-- ============================================================
INSERT INTO technologies (id, specialty_id, name, slug, frequency, description) VALUES
  ('20000000-0000-0000-0000-000000000001', '10000000-0000-0000-0000-000000000001',
   'RF 8.2 MHz', 'rf-8-2-mhz', '8.2 MHz',
   'Radiofrequência 8.2 MHz - tecnologia mais comum em EAS para varejo'),
  ('20000000-0000-0000-0000-000000000002', '10000000-0000-0000-0000-000000000001',
   'AM 58 kHz', 'am-58-khz', '58 kHz',
   'Acustico-magnético 58 kHz - alta performance em detecção, ideal para metais');

-- ============================================================
-- TECNOLOGIAS CFTV
-- ============================================================
INSERT INTO technologies (id, specialty_id, name, slug, description) VALUES
  ('20000000-0000-0000-0000-000000000003', '10000000-0000-0000-0000-000000000002',
   'CFTV Analógico', 'cftv-analogico',
   'Sistemas de câmeras analógicas (CVBS, AHD, HD-CVI, HD-TVI)'),
  ('20000000-0000-0000-0000-000000000004', '10000000-0000-0000-0000-000000000002',
   'CFTV IP', 'cftv-ip',
   'Sistemas de câmeras IP em rede (ONVIF, RTSP, PoE)');

-- ============================================================
-- FABRICANTES - RF 8.2 MHz
-- ============================================================
INSERT INTO manufacturers (id, technology_id, name, slug) VALUES
  ('30000000-0000-0000-0001-000000000001', '20000000-0000-0000-0000-000000000001', 'Sensormatic', 'sensormatic-rf'),
  ('30000000-0000-0000-0001-000000000002', '20000000-0000-0000-0000-000000000001', 'Gunnebo', 'gunnebo-rf'),
  ('30000000-0000-0000-0001-000000000003', '20000000-0000-0000-0000-000000000001', 'Inwave', 'inwave-rf'),
  ('30000000-0000-0000-0001-000000000004', '20000000-0000-0000-0000-000000000001', 'Gateway', 'gateway-rf'),
  ('30000000-0000-0000-0001-000000000005', '20000000-0000-0000-0000-000000000001', 'Sesami', 'sesami-rf'),
  ('30000000-0000-0000-0001-000000000006', '20000000-0000-0000-0000-000000000001', 'Importado (White Label)', 'white-label-rf'),
  ('30000000-0000-0000-0001-000000000007', '20000000-0000-0000-0000-000000000001', 'CheckPoint', 'checkpoint-rf');

-- ============================================================
-- FABRICANTES - AM 58 kHz
-- ============================================================
INSERT INTO manufacturers (id, technology_id, name, slug) VALUES
  ('30000000-0000-0000-0002-000000000001', '20000000-0000-0000-0000-000000000002', 'Sensormatic', 'sensormatic-am'),
  ('30000000-0000-0000-0002-000000000002', '20000000-0000-0000-0000-000000000002', 'Gunnebo', 'gunnebo-am'),
  ('30000000-0000-0000-0002-000000000003', '20000000-0000-0000-0000-000000000002', 'Inwave', 'inwave-am'),
  ('30000000-0000-0000-0002-000000000004', '20000000-0000-0000-0000-000000000002', 'Gateway', 'gateway-am'),
  ('30000000-0000-0000-0002-000000000005', '20000000-0000-0000-0000-000000000002', 'Mauser', 'mauser-am'),
  ('30000000-0000-0000-0002-000000000006', '20000000-0000-0000-0000-000000000002', 'Sesami', 'sesami-am'),
  ('30000000-0000-0000-0002-000000000007', '20000000-0000-0000-0000-000000000002', 'Importado (White Label)', 'white-label-am'),
  ('30000000-0000-0000-0002-000000000008', '20000000-0000-0000-0000-000000000002', 'CheckPoint', 'checkpoint-am');